Day,Date,Num_of_DoS
1,1/2/13,17
2,1/3/13,18
3,1/4/13,18
4,1/7/13,18
5,1/8/13,18
6,1/9/13,18
7,1/10/13,18
8,1/11/13,18
9,1/14/13,18
10,1/15/13,17
11,1/16/13,17
12,1/17/13,17
13,1/18/13,17
14,1/22/13,17
15,1/23/13,18
16,1/24/13,18
17,1/25/13,18
18,1/28/13,18
19,1/29/13,18
20,1/30/13,18
21,1/31/13,18
22,2/1/13,18
23,2/4/13,19
24,2/5/13,18
25,2/6/13,18
26,2/7/13,19
27,2/8/13,19
28,2/11/13,19
29,2/12/13,19
30,2/13/13,19
31,2/14/13,19
32,2/15/13,19
33,2/19/13,19
34,2/20/13,20
35,2/21/13,19
36,2/22/13,19
37,2/25/13,19
38,2/26/13,19
39,2/27/13,19
40,2/28/13,19
41,3/1/13,19
42,3/4/13,20
43,3/5/13,20
44,3/6/13,20
45,3/7/13,20
46,3/8/13,20
47,3/11/13,20
48,3/12/13,20
49,3/13/13,20
50,3/14/13,20
51,3/15/13,20
52,3/18/13,19
53,3/19/13,20
54,3/20/13,20
55,3/21/13,20
56,3/22/13,20
57,3/25/13,20
58,3/26/13,20
59,3/27/13,20
60,3/28/13,19
61,4/1/13,19
62,4/2/13,19
63,4/3/13,20
64,4/4/13,19
65,4/5/13,19
66,4/8/13,19
67,4/9/13,19
68,4/10/13,19
69,4/11/13,19
70,4/12/13,19
71,4/15/13,19
72,4/16/13,19
73,4/17/13,19
74,4/18/13,19
75,4/19/13,19
76,4/22/13,19
77,4/23/13,19
78,4/24/13,20
79,4/25/13,20
80,4/26/13,20
81,4/29/13,19
82,4/30/13,20
83,5/1/13,20
84,5/2/13,20
85,5/3/13,20
86,5/6/13,21
87,5/7/13,21
88,5/8/13,21
89,5/9/13,21
90,5/10/13,21
91,5/13/13,21
92,5/14/13,21
93,5/15/13,22
94,5/16/13,22
95,5/17/13,22
96,5/20/13,22
97,5/21/13,22
98,5/22/13,22
99,5/23/13,21
100,5/24/13,21
101,5/28/13,21
102,5/29/13,21
103,5/30/13,21
104,5/31/13,21
105,6/3/13,21
106,6/4/13,21
107,6/5/13,21
108,6/6/13,21
109,6/7/13,21
110,6/10/13,21
111,6/11/13,21
112,6/12/13,21
113,6/13/13,21
114,6/14/13,21
115,6/17/13,21
116,6/18/13,22
117,6/19/13,22
118,6/20/13,22
119,6/21/13,22
120,6/24/13,21
121,6/25/13,21
122,6/26/13,21
123,6/27/13,21
124,6/28/13,21
125,7/1/13,22
126,7/2/13,22
127,7/3/13,21
128,7/5/13,22
129,7/8/13,22
130,7/9/13,22
131,7/10/13,22
132,7/11/13,22
133,7/12/13,22
134,7/15/13,22
135,7/16/13,23
136,7/17/13,22
137,7/18/13,22
138,7/19/13,22
139,7/22/13,22
140,7/23/13,22
141,7/24/13,22
142,7/25/13,22
143,7/26/13,22
144,7/29/13,21
145,7/30/13,21
146,7/31/13,22
147,8/1/13,22
148,8/2/13,22
149,8/5/13,22
150,8/6/13,22
151,8/7/13,22
152,8/8/13,22
153,8/9/13,22
154,8/12/13,22
155,8/13/13,22
156,8/14/13,21
157,8/15/13,21
158,8/16/13,21
159,8/19/13,21
160,8/20/13,21
161,8/21/13,21
162,8/22/13,21
163,8/23/13,21
164,8/26/13,21
165,8/27/13,21
166,8/28/13,21
167,8/29/13,21
168,8/30/13,21
169,9/3/13,21
170,9/4/13,21
171,9/5/13,21
172,9/6/13,21
173,9/9/13,21
174,9/10/13,22
175,9/11/13,22
176,9/12/13,22
177,9/13/13,22
178,9/16/13,22
179,9/17/13,22
180,9/18/13,22
181,9/19/13,22
182,9/20/13,22
183,9/23/13,22
184,9/24/13,22
185,9/25/13,22
186,9/26/13,21
187,9/27/13,21
188,9/30/13,21
189,10/1/13,21
190,10/2/13,21
191,10/3/13,22
192,10/4/13,21
193,10/7/13,21
194,10/8/13,21
195,10/9/13,21
196,10/10/13,21
197,10/11/13,21
198,10/14/13,21
199,10/15/13,21
200,10/16/13,22
201,10/17/13,22
202,10/18/13,24
203,10/21/13,25
204,10/22/13,24
205,10/23/13,24
206,10/24/13,25
207,10/25/13,25
208,10/28/13,25
209,10/29/13,25
210,10/30/13,25
211,10/31/13,25
212,11/1/13,25
213,11/4/13,25
214,11/5/13,25
215,11/6/13,25
216,11/7/13,25
217,11/8/13,25
218,11/11/13,25
219,11/12/13,25
220,11/13/13,25
221,11/14/13,25
222,11/15/13,25
223,11/18/13,25
224,11/19/13,25
225,11/20/13,25
226,11/21/13,25
227,11/22/13,25
228,11/25/13,25
229,11/26/13,26
230,11/27/13,26
231,11/29/13,26
232,12/2/13,26
233,12/3/13,26
234,12/4/13,26
235,12/5/13,26
236,12/6/13,26
237,12/9/13,26
238,12/10/13,26
239,12/11/13,27
240,12/12/13,26
241,12/13/13,26
242,12/16/13,26
243,12/17/13,26
244,12/18/13,26
245,12/19/13,26
246,12/20/13,27
247,12/23/13,27
248,12/24/13,27
249,12/26/13,27
250,12/27/13,27
251,12/30/13,27
252,12/31/13,27
253,1/2/14,27
254,1/3/14,27
255,1/6/14,27
256,1/7/14,27
257,1/8/14,28
258,1/9/14,28
259,1/10/14,28
260,1/13/14,27
261,1/14/14,28
262,1/15/14,28
263,1/16/14,28
264,1/17/14,28
265,1/21/14,28
266,1/22/14,28
267,1/23/14,28
268,1/24/14,28
269,1/27/14,27
270,1/28/14,27
271,1/29/14,27
272,1/30/14,28
273,1/31/14,29
274,2/3/14,29
275,2/4/14,28
276,2/5/14,28
277,2/6/14,28
278,2/7/14,29
279,2/10/14,29
280,2/11/14,29
281,2/12/14,29
282,2/13/14,29
283,2/14/14,29
284,2/18/14,29
285,2/19/14,29
286,2/20/14,29
287,2/21/14,30
288,2/24/14,29
289,2/25/14,30
290,2/26/14,30
291,2/27/14,30
292,2/28/14,30
293,3/3/14,29
294,3/4/14,30
295,3/5/14,30
296,3/6/14,30
297,3/7/14,30
298,3/10/14,30
299,3/11/14,30
300,3/12/14,29
301,3/13/14,30
302,3/14/14,29
303,3/17/14,29
304,3/18/14,29
305,3/19/14,30
306,3/20/14,29
307,3/21/14,29
308,3/24/14,29
309,3/25/14,28
310,3/26/14,28
311,3/27/14,28
312,3/28/14,27
313,3/31/14,28
314,4/1/14,27
315,4/2/14,29
316,4/3/14,28
317,4/4/14,28
318,4/7/14,26
319,4/8/14,26
320,4/9/14,27
321,4/10/14,28
322,4/11/14,26
323,4/14/14,26
324,4/15/14,26
325,4/16/14,27
326,4/17/14,27
327,4/21/14,26
328,4/22/14,26
329,4/23/14,26
330,4/24/14,26
331,4/25/14,25
332,4/28/14,25
333,4/29/14,25
334,4/30/14,26
335,5/1/14,26
336,5/2/14,26
337,5/5/14,26
338,5/6/14,26
339,5/7/14,25
340,5/8/14,25
341,5/9/14,25
342,5/12/14,26
343,5/13/14,26
344,5/14/14,26
345,5/15/14,26
346,5/16/14,25
347,5/19/14,25
348,5/20/14,26
349,5/21/14,26
350,5/22/14,26
351,5/23/14,27
352,5/27/14,27
353,5/28/14,28
354,5/29/14,28
355,5/30/14,27
356,6/2/14,27
357,6/3/14,27
358,6/4/14,26
359,6/5/14,27
360,6/6/14,27
361,6/9/14,27
362,6/10/14,27
363,6/11/14,27
364,6/12/14,27
365,6/13/14,27
366,6/16/14,27
367,6/17/14,27
368,6/18/14,27
369,6/19/14,27
370,6/20/14,27
371,6/23/14,27
372,6/24/14,28
373,6/25/14,28
374,6/26/14,28
375,6/27/14,28
376,6/30/14,28
377,7/1/14,28
378,7/2/14,29
379,7/3/14,29
380,7/7/14,29
381,7/8/14,28
382,7/9/14,28
383,7/10/14,28
384,7/11/14,28
385,7/14/14,28
386,7/15/14,29
387,7/16/14,29
388,7/17/14,28
389,7/18/14,29
390,7/21/14,29
391,7/22/14,29
392,7/23/14,29
393,7/24/14,29
394,7/25/14,29
395,7/28/14,29
396,7/29/14,29
397,7/30/14,29
398,7/31/14,28
399,8/1/14,28
400,8/4/14,28
401,8/5/14,28
402,8/6/14,27
403,8/7/14,28
404,8/8/14,28
405,8/11/14,28
406,8/12/14,28
407,8/13/14,28
408,8/14/14,28
409,8/15/14,28
410,8/18/14,28
411,8/19/14,29
412,8/20/14,29
413,8/21/14,29
414,8/22/14,29
415,8/25/14,29
416,8/26/14,28
417,8/27/14,28
418,8/28/14,28
419,8/29/14,28
420,9/2/14,28
421,9/3/14,28
422,9/4/14,28
423,9/5/14,29
424,9/8/14,29
425,9/9/14,29
426,9/10/14,28
427,9/11/14,28
428,9/12/14,28
429,9/15/14,28
430,9/16/14,28
431,9/17/14,28
432,9/18/14,29
433,9/19/14,29
434,9/22/14,29
435,9/23/14,29
436,9/24/14,28
437,9/25/14,29
438,9/26/14,28
439,9/29/14,28
440,9/30/14,28
441,10/1/14,28
442,10/2/14,28
443,10/3/14,28
444,10/6/14,28
445,10/7/14,28
446,10/8/14,28
447,10/9/14,28
448,10/10/14,27
449,10/13/14,27
450,10/14/14,26
451,10/15/14,26
452,10/16/14,25
453,10/17/14,26
454,10/20/14,25
455,10/21/14,26
456,10/22/14,26
457,10/23/14,26
458,10/24/14,27
459,10/27/14,26
460,10/28/14,27
461,10/29/14,27
462,10/30/14,27
463,10/31/14,27
464,11/3/14,27
465,11/4/14,27
466,11/5/14,27
467,11/6/14,27
468,11/7/14,27
469,11/10/14,26
470,11/11/14,27
471,11/12/14,27
472,11/13/14,27
473,11/14/14,27
474,11/17/14,27
475,11/18/14,26
476,11/19/14,26
477,11/20/14,26
478,11/21/14,26
479,11/24/14,26
480,11/25/14,26
481,11/26/14,26
482,11/28/14,26
483,12/1/14,26
484,12/2/14,26
485,12/3/14,26
486,12/4/14,26
487,12/5/14,26
488,12/8/14,26
489,12/9/14,25
490,12/10/14,26
491,12/11/14,26
492,12/12/14,26
493,12/15/14,25
494,12/16/14,25
495,12/17/14,24
496,12/18/14,25
497,12/19/14,25
498,12/22/14,25
499,12/23/14,26
500,12/24/14,26
501,12/26/14,26
502,12/29/14,26
503,12/30/14,26
504,12/31/14,26
505,1/2/15,26
506,1/5/15,26
507,1/6/15,25
508,1/7/15,25
509,1/8/15,24
510,1/9/15,25
511,1/12/15,24
512,1/13/15,24
513,1/14/15,24
514,1/15/15,25
515,1/16/15,24
516,1/20/15,25
517,1/21/15,25
518,1/22/15,25
519,1/23/15,26
520,1/26/15,26
521,1/27/15,26
522,1/28/15,25
523,1/29/15,25
524,1/30/15,25
525,2/2/15,26
526,2/3/15,26
527,2/4/15,26
528,2/5/15,26
529,2/6/15,26
530,2/9/15,26
531,2/10/15,26
532,2/11/15,26
533,2/12/15,26
534,2/13/15,27
535,2/17/15,27
536,2/18/15,26
537,2/19/15,26
538,2/20/15,27
539,2/23/15,26
540,2/24/15,26
541,2/25/15,26
542,2/26/15,27
543,2/27/15,27
544,3/2/15,27
545,3/3/15,28
546,3/4/15,28
547,3/5/15,28
548,3/6/15,28
549,3/9/15,28
550,3/10/15,28
551,3/11/15,27
552,3/12/15,27
553,3/13/15,27
554,3/16/15,27
555,3/17/15,27
556,3/18/15,27
557,3/19/15,27
558,3/20/15,27
559,3/23/15,27
560,3/24/15,27
561,3/25/15,28
562,3/26/15,27
563,3/27/15,27
564,3/30/15,27
565,3/31/15,27
566,4/1/15,27
567,4/2/15,26
568,4/6/15,26
569,4/7/15,26
570,4/8/15,26
571,4/9/15,26
572,4/10/15,26
573,4/13/15,26
574,4/14/15,26
575,4/15/15,26
576,4/16/15,26
577,4/17/15,26
578,4/20/15,26
579,4/21/15,26
580,4/22/15,26
581,4/23/15,26
582,4/24/15,28
583,4/27/15,28
584,4/28/15,27
585,4/29/15,27
586,4/30/15,27
587,5/1/15,26
588,5/4/15,26
589,5/5/15,26
590,5/6/15,26
591,5/7/15,26
592,5/8/15,26
593,5/11/15,26
594,5/12/15,26
595,5/13/15,26
596,5/14/15,26
597,5/15/15,26
598,5/18/15,26
599,5/19/15,26
600,5/20/15,26
601,5/21/15,26
602,5/22/15,27
603,5/26/15,26
604,5/27/15,26
605,5/28/15,26
606,5/29/15,26
607,6/1/15,26
608,6/2/15,26
609,6/3/15,26
610,6/4/15,26
611,6/5/15,26
612,6/8/15,26
613,6/9/15,26
614,6/10/15,26
615,6/11/15,26
616,6/12/15,26
617,6/15/15,26
618,6/16/15,26
619,6/17/15,26
620,6/18/15,26
621,6/19/15,26
622,6/22/15,26
623,6/23/15,26
624,6/24/15,27
625,6/25/15,26
626,6/26/15,26
627,6/29/15,26
628,6/30/15,26
629,7/1/15,26
630,7/2/15,26
631,7/6/15,25
632,7/7/15,26
633,7/8/15,26
634,7/9/15,26
635,7/10/15,26
636,7/13/15,26
637,7/14/15,27
638,7/15/15,28
639,7/16/15,28
640,7/17/15,32
641,7/20/15,32
642,7/21/15,32
643,7/22/15,33
644,7/23/15,33
645,7/24/15,32
646,7/27/15,31
647,7/28/15,31
648,7/29/15,31
649,7/30/15,31
650,7/31/15,31
651,8/3/15,31
652,8/4/15,31
653,8/5/15,31
654,8/6/15,32
655,8/7/15,32
656,8/10/15,31
657,8/11/15,33
658,8/12/15,33
659,8/13/15,32
660,8/14/15,32
661,8/17/15,32
662,8/18/15,33
663,8/19/15,32
664,8/20/15,32
665,8/21/15,31
666,8/24/15,28
667,8/25/15,30
668,8/26/15,30
669,8/27/15,31
670,8/28/15,31
671,8/31/15,31
672,9/1/15,30
673,9/2/15,30
674,9/3/15,30
675,9/4/15,30
676,9/8/15,30
677,9/9/15,31
678,9/10/15,30
679,9/11/15,30
680,9/14/15,31
681,9/15/15,31
682,9/16/15,31
683,9/17/15,31
684,9/18/15,31
685,9/21/15,31
686,9/22/15,31
687,9/23/15,31
688,9/24/15,30
689,9/25/15,31
690,9/28/15,30
691,9/29/15,29
692,9/30/15,30
693,10/1/15,30
694,10/2/15,30
695,10/5/15,31
696,10/6/15,31
697,10/7/15,32
698,10/8/15,32
699,10/9/15,32
700,10/12/15,32
701,10/13/15,32
702,10/14/15,32
703,10/15/15,32
704,10/16/15,33
705,10/19/15,33
706,10/20/15,33
707,10/21/15,32
708,10/22/15,32
709,10/23/15,36
710,10/26/15,35
711,10/27/15,35
712,10/28/15,35
713,10/29/15,35
714,10/30/15,35
715,11/2/15,35
716,11/3/15,35
717,11/4/15,36
718,11/5/15,36
719,11/6/15,36
720,11/9/15,36
721,11/10/15,36
722,11/11/15,36
723,11/12/15,36
724,11/13/15,36
725,11/16/15,35
726,11/17/15,36
727,11/18/15,36
728,11/19/15,36
729,11/20/15,37
730,11/23/15,37
731,11/24/15,37
732,11/25/15,37
733,11/27/15,37
734,11/30/15,37
735,12/1/15,37
736,12/2/15,38
737,12/3/15,38
738,12/4/15,37
739,12/7/15,38
740,12/8/15,37
741,12/9/15,37
742,12/10/15,37
743,12/11/15,37
744,12/14/15,37
745,12/15/15,37
746,12/16/15,37
747,12/17/15,38
748,12/18/15,37
749,12/21/15,37
750,12/22/15,37
751,12/23/15,37
752,12/24/15,37
753,12/28/15,37
754,12/29/15,38
755,12/30/15,38
756,12/31/15,38
757,1/4/16,37
758,1/5/16,37
759,1/6/16,36
760,1/7/16,36
761,1/8/16,36
762,1/11/16,35
763,1/12/16,36
764,1/13/16,36
765,1/14/16,35
766,1/15/16,34
767,1/19/16,35
768,1/20/16,34
769,1/21/16,35
770,1/22/16,36
771,1/25/16,36
772,1/26/16,35
773,1/27/16,35
774,1/28/16,36
775,1/29/16,36
776,2/1/16,37
777,2/2/16,39
778,2/3/16,38
779,2/4/16,36
780,2/5/16,35
781,2/8/16,33
782,2/9/16,33
783,2/10/16,34
784,2/11/16,33
785,2/12/16,34
786,2/16/16,34
787,2/17/16,34
788,2/18/16,35
789,2/19/16,34
790,2/22/16,35
791,2/23/16,35
792,2/24/16,34
793,2/25/16,35
794,2/26/16,35
795,2/29/16,35
796,3/1/16,35
797,3/2/16,35
798,3/3/16,35
799,3/4/16,35
800,3/7/16,35
801,3/8/16,34
802,3/9/16,34
803,3/10/16,35
804,3/11/16,36
805,3/14/16,36
806,3/15/16,36
807,3/16/16,36
808,3/17/16,36
809,3/18/16,37
810,3/21/16,36
811,3/22/16,36
812,3/23/16,37
813,3/24/16,36
814,3/28/16,36
815,3/29/16,36
816,3/30/16,37
817,3/31/16,37
818,4/1/16,36
819,4/4/16,37
820,4/5/16,36
821,4/6/16,36
822,4/7/16,37
823,4/8/16,37
824,4/11/16,37
825,4/12/16,36
826,4/13/16,37
827,4/14/16,37
828,4/15/16,37
829,4/18/16,38
830,4/19/16,38
831,4/20/16,37
832,4/21/16,37
833,4/22/16,36
834,4/25/16,35
835,4/26/16,36
836,4/27/16,35
837,4/28/16,35
838,4/29/16,34
839,5/2/16,34
840,5/3/16,34
841,5/4/16,34
842,5/5/16,34
843,5/6/16,34
844,5/9/16,35
845,5/10/16,35
846,5/11/16,36
847,5/12/16,35
848,5/13/16,35
849,5/16/16,35
850,5/17/16,35
851,5/18/16,35
852,5/19/16,35
853,5/20/16,35
854,5/23/16,35
855,5/24/16,35
856,5/25/16,36
857,5/26/16,36
858,5/27/16,36
859,5/31/16,36
860,6/1/16,36
861,6/2/16,36
862,6/3/16,36
863,6/6/16,36
864,6/7/16,35
865,6/8/16,36
866,6/9/16,36
867,6/10/16,35
868,6/13/16,35
869,6/14/16,35
870,6/15/16,35
871,6/16/16,35
872,6/17/16,35
873,6/20/16,34
874,6/21/16,34
875,6/22/16,34
876,6/23/16,34
877,6/24/16,33
878,6/27/16,33
879,6/28/16,33
880,6/29/16,34
881,6/30/16,34
882,7/1/16,34
883,7/5/16,34
884,7/6/16,34
885,7/7/16,34
886,7/8/16,34
887,7/11/16,35
888,7/12/16,35
889,7/13/16,36
890,7/14/16,36
891,7/15/16,36
892,7/18/16,36
893,7/19/16,36
894,7/20/16,36
895,7/21/16,37
896,7/22/16,37
897,7/25/16,37
898,7/26/16,36
899,7/27/16,36
900,7/28/16,37
901,7/29/16,38
902,8/1/16,38
903,8/2/16,38
904,8/3/16,38
905,8/4/16,38
906,8/5/16,38
907,8/8/16,39
908,8/9/16,39
909,8/10/16,39
910,8/11/16,39
911,8/12/16,39
912,8/15/16,39
913,8/16/16,39
914,8/17/16,38
915,8/18/16,39
916,8/19/16,38
917,8/22/16,38
918,8/23/16,38
919,8/24/16,38
920,8/25/16,38
921,8/26/16,38
922,8/29/16,38
923,8/30/16,38
924,8/31/16,38
925,9/1/16,38
926,9/2/16,38
927,9/6/16,38
928,9/7/16,39
929,9/8/16,38
930,9/9/16,38
931,9/12/16,37
932,9/13/16,38
933,9/14/16,37
934,9/15/16,38
935,9/16/16,38
936,9/19/16,38
937,9/20/16,38
938,9/21/16,38
939,9/22/16,39
940,9/23/16,39
941,9/26/16,39
942,9/27/16,38
943,9/28/16,38
944,9/29/16,39
945,9/30/16,38
946,10/3/16,38
947,10/4/16,38
948,10/5/16,38
949,10/6/16,38
950,10/7/16,38
951,10/10/16,38
952,10/11/16,39
953,10/12/16,39
954,10/13/16,39
955,10/14/16,39
956,10/17/16,38
957,10/18/16,39
958,10/19/16,39
959,10/20/16,40
960,10/21/16,39
961,10/24/16,40
962,10/25/16,40
963,10/26/16,40
964,10/27/16,40
965,10/28/16,40
966,10/31/16,39
967,11/1/16,39
968,11/2/16,38
969,11/3/16,38
970,11/4/16,37
971,11/7/16,38
972,11/8/16,39
973,11/9/16,38
974,11/10/16,39
975,11/11/16,37
976,11/14/16,37
977,11/15/16,37
978,11/16/16,37
979,11/17/16,38
980,11/18/16,38
981,11/21/16,38
982,11/22/16,38
983,11/23/16,38
984,11/25/16,38
985,11/28/16,38
986,11/29/16,38
987,11/30/16,38
988,12/1/16,37
989,12/2/16,37
990,12/5/16,37
991,12/6/16,38
992,12/7/16,38
993,12/8/16,38
994,12/9/16,39
995,12/12/16,39
996,12/13/16,39
997,12/14/16,39
998,12/15/16,39
999,12/16/16,40
1000,12/19/16,39
1001,12/20/16,39
1002,12/21/16,39
1003,12/22/16,39
1004,12/23/16,39
1005,12/27/16,39
1006,12/28/16,39
1007,12/29/16,39
1008,12/30/16,39
1009,1/3/17,38
1010,1/4/17,39
1011,1/5/17,39
1012,1/6/17,39
1013,1/9/17,40
1014,1/10/17,40
1015,1/11/17,40
1016,1/12/17,40
1017,1/13/17,40
1018,1/17/17,40
1019,1/18/17,40
1020,1/19/17,40
1021,1/20/17,40
1022,1/23/17,40
1023,1/24/17,41
1024,1/25/17,41
1025,1/26/17,41
1026,1/27/17,41
1027,1/30/17,40
1028,1/31/17,39
1029,2/1/17,39
1030,2/2/17,39
1031,2/3/17,40
1032,2/6/17,39
1033,2/7/17,40
1034,2/8/17,40
1035,2/9/17,40
1036,2/10/17,40
1037,2/13/17,40
1038,2/14/17,40
1039,2/15/17,40
1040,2/16/17,40
1041,2/17/17,41
1042,2/21/17,41
1043,2/22/17,41
1044,2/23/17,41
1045,2/24/17,41
1046,2/27/17,41
1047,2/28/17,41
1048,3/1/17,41
1049,3/2/17,41
1050,3/3/17,41
1051,3/6/17,41
1052,3/7/17,41
1053,3/8/17,41
1054,3/9/17,41
1055,3/10/17,42
1056,3/13/17,42
1057,3/14/17,42
1058,3/15/17,42
1059,3/16/17,42
1060,3/17/17,42
1061,3/20/17,42
1062,3/21/17,42
1063,3/22/17,41
1064,3/23/17,41
1065,3/24/17,41
1066,3/27/17,40
1067,3/28/17,41
1068,3/29/17,41
1069,3/30/17,41
1070,3/31/17,41
1071,4/3/17,41
1072,4/4/17,41
1073,4/5/17,41
1074,4/6/17,41
1075,4/7/17,41
1076,4/10/17,41
1077,4/11/17,41
1078,4/12/17,41
1079,4/13/17,41
1080,4/17/17,41
1081,4/18/17,41
1082,4/19/17,41
1083,4/20/17,42
1084,4/21/17,42
1085,4/24/17,42
1086,4/25/17,43
1087,4/26/17,43
1088,4/27/17,43
1089,4/28/17,45
1090,5/1/17,45
1091,5/2/17,45
1092,5/3/17,45
1093,5/4/17,46
1094,5/5/17,46
1095,5/8/17,46
1096,5/9/17,46
1097,5/10/17,46
1098,5/11/17,46
1099,5/12/17,46
1100,5/15/17,46
1101,5/16/17,47
1102,5/17/17,46
1103,5/18/17,46
1104,5/19/17,46
1105,5/22/17,46
1106,5/23/17,47
1107,5/24/17,47
1108,5/25/17,47
1109,5/26/17,48
1110,5/30/17,48
1111,5/31/17,48
1112,6/1/17,48
1113,6/2/17,48
1114,6/5/17,48
1115,6/6/17,49
1116,6/7/17,49
1117,6/8/17,49
1118,6/9/17,49
1119,6/12/17,46
1120,6/13/17,47
1121,6/14/17,47
1122,6/15/17,46
1123,6/16/17,47
1124,6/19/17,47
1125,6/20/17,47
1126,6/21/17,47
1127,6/22/17,47
1128,6/23/17,47
1129,6/26/17,48
1130,6/27/17,47
1131,6/28/17,46
1132,6/29/17,46
1133,6/30/17,46
1134,7/3/17,45
1135,7/5/17,45
1136,7/6/17,45
1137,7/7/17,45
1138,7/10/17,46
1139,7/11/17,46
1140,7/12/17,46
1141,7/13/17,47
1142,7/14/17,47
1143,7/17/17,47
1144,7/18/17,47
1145,7/19/17,48
1146,7/20/17,48
1147,7/21/17,48
1148,7/24/17,48
1149,7/25/17,47
1150,7/26/17,47
1151,7/27/17,47
1152,7/28/17,46
1153,7/31/17,47
1154,8/1/17,46
1155,8/2/17,46
1156,8/3/17,46
1157,8/4/17,46
1158,8/7/17,46
1159,8/8/17,46
1160,8/9/17,46
1161,8/10/17,45
1162,8/11/17,45
1163,8/14/17,46
1164,8/15/17,46
1165,8/16/17,46
1166,8/17/17,46
1167,8/18/17,45
1168,8/21/17,45
1169,8/22/17,45
1170,8/23/17,46
1171,8/24/17,46
1172,8/25/17,46
1173,8/28/17,45
1174,8/29/17,45
1175,8/30/17,46
1176,8/31/17,46
1177,9/1/17,47
1178,9/5/17,46
1179,9/6/17,46
1180,9/7/17,46
1181,9/8/17,46
1182,9/11/17,46
1183,9/12/17,46
1184,9/13/17,46
1185,9/14/17,46
1186,9/15/17,46
1187,9/18/17,46
1188,9/19/17,45
1189,9/20/17,46
1190,9/21/17,46
1191,9/22/17,46
1192,9/25/17,46
1193,9/26/17,46
1194,9/27/17,46
1195,9/28/17,47
1196,9/29/17,47
1197,10/2/17,47
1198,10/3/17,47
1199,10/4/17,47
1200,10/5/17,47
1201,10/6/17,48
1202,10/9/17,49
1203,10/10/17,49
1204,10/11/17,48
1205,10/12/17,49
1206,10/13/17,49
1207,10/16/17,49
1208,10/17/17,49
1209,10/18/17,49
1210,10/19/17,49
1211,10/20/17,49
1212,10/23/17,49
1213,10/24/17,48
1214,10/25/17,48
1215,10/26/17,49
1216,10/27/17,50
1217,10/30/17,50
1218,10/31/17,50
1219,11/1/17,50
1220,11/2/17,51
1221,11/3/17,51
1222,11/6/17,51
1223,11/7/17,51
1224,11/8/17,51
1225,11/9/17,51
1226,11/10/17,51
1227,11/13/17,51
1228,11/14/17,51
1229,11/15/17,50
1230,11/16/17,51
1231,11/17/17,51
1232,11/20/17,51
1233,11/21/17,51
1234,11/22/17,51
1235,11/24/17,51
1236,11/27/17,52
1237,11/28/17,52
1238,11/29/17,52
1239,11/30/17,51
1240,12/1/17,50
1241,12/4/17,50
1242,12/5/17,49
1243,12/6/17,50
1244,12/7/17,51
1245,12/8/17,51
1246,12/11/17,51
1247,12/12/17,51
1248,12/13/17,52
1249,12/14/17,52
1250,12/15/17,52
1251,12/18/17,53
1252,12/19/17,53
1253,12/20/17,53
1254,12/21/17,53
1255,12/22/17,53
1256,12/26/17,52
1257,12/27/17,52
1258,12/28/17,52
1259,12/29/17,52
1260,1/2/18,52
1261,1/3/18,53
1262,1/4/18,54
1263,1/5/18,54
1264,1/8/18,55
1265,1/9/18,55
1266,1/10/18,54
1267,1/11/18,55
1268,1/12/18,55
1269,1/16/18,56
1270,1/17/18,56
1271,1/18/18,56
1272,1/19/18,56
1273,1/22/18,56
1274,1/23/18,57
1275,1/24/18,58
1276,1/25/18,58
1277,1/26/18,58
1278,1/29/18,58
1279,1/30/18,58
1280,1/31/18,58
1281,2/1/18,58
1282,2/2/18,56
1283,2/5/18,54
1284,2/6/18,51
1285,2/7/18,54
1286,2/8/18,52
1287,2/9/18,50
1288,2/12/18,52
1289,2/13/18,52
1290,2/14/18,52
1291,2/15/18,53
1292,2/16/18,54
1293,2/20/18,54
1294,2/21/18,55
1295,2/22/18,55
1296,2/23/18,55
1297,2/26/18,56
1298,2/27/18,57
1299,2/28/18,56
1300,3/1/18,55
1301,3/2/18,52
1302,3/5/18,53
1303,3/6/18,54
1304,3/7/18,54
1305,3/8/18,55
1306,3/9/18,56
1307,3/12/18,58
1308,3/13/18,58
1309,3/14/18,57
1310,3/15/18,57
1311,3/16/18,57
1312,3/19/18,56
1313,3/20/18,54
1314,3/21/18,54
1315,3/22/18,54
1316,3/23/18,52
1317,3/26/18,52
1318,3/27/18,53
1319,3/28/18,49
1320,3/29/18,50
1321,4/2/18,51
1322,4/3/18,50
1323,4/4/18,49
1324,4/5/18,52
1325,4/6/18,51
1326,4/9/18,50
1327,4/10/18,51
1328,4/11/18,51
1329,4/12/18,51
1330,4/13/18,52
1331,4/16/18,51
1332,4/17/18,52
1333,4/18/18,53
1334,4/19/18,53
1335,4/20/18,54
1336,4/23/18,53
1337,4/24/18,52
1338,4/25/18,51
1339,4/26/18,51
1340,4/27/18,52
1341,4/30/18,51
1342,5/1/18,50
1343,5/2/18,51
1344,5/3/18,50
1345,5/4/18,50
1346,5/7/18,52
1347,5/8/18,52
1348,5/9/18,52
1349,5/10/18,54
1350,5/11/18,54
1351,5/14/18,55
1352,5/15/18,54
1353,5/16/18,53
1354,5/17/18,53
1355,5/18/18,53
1356,5/21/18,53
1357,5/22/18,54
1358,5/23/18,53
1359,5/24/18,53
1360,5/25/18,53
1361,5/29/18,53
1362,5/30/18,53
1363,5/31/18,53
1364,6/1/18,54
1365,6/4/18,56
1366,6/5/18,57
1367,6/6/18,57
1368,6/7/18,56
1369,6/8/18,55
1370,6/11/18,55
1371,6/12/18,56
1372,6/13/18,57
1373,6/14/18,57
1374,6/15/18,57
1375,6/18/18,57
1376,6/19/18,57
1377,6/20/18,58
1378,6/21/18,58
1379,6/22/18,57
1380,6/25/18,57
1381,6/26/18,56
1382,6/27/18,56
1383,6/28/18,55
1384,6/29/18,56